SurveyID,coral_cover
1003278,7
1003281,3
1003282,8
1003283,10
1003284,12
1003285,11
1003286,10
1003287,4
1003288,6
1003289,5
1003291,1
1003292,4
1003630,3
1003631,4
1003632,1
1003633,16
1003636,0.952380952
1003637,22
1003638,9
1003639,14
1003640,38
1003641,44
1003642,33
1003643,58
1003644,43
1003645,46
1003646,13
1003647,11
1003648,32
1003649,6
1003650,51
1003651,3
1003652,5
1003653,3
1003654,1
1003655,1
1003656,2
1003657,6
1003659,40
1003660,25
1003661,5
1003662,18
1003664,9
1003666,24
1003667,9
1003668,23
1003669,41
1003670,32
1003671,23
1003672,40
1003673,39
1003676,40
1003677,35
1003678,7.142857143
1003679,4
1003680,6
1003683,4
1003684,10
1003685,12.63157895
1003686,5
1003687,52
1003688,55
1003689,46
1003690,49.56521739
1003691,32
1003692,21
1003693,22
1003694,21
1003695,28
1003696,40.95238095
1003697,40
1003698,20
1003699,24
1003753,10.47619048
1003754,7.619047619
1003766,1
1003767,2
1003778,9
1003779,3
1003780,3
1003781,15
1003782,3
1003783,4
1003784,11
1003785,10
1003786,7
1003787,3
2000858,4
2000862,16
2000885,1.111111111
2000892,7
2000906,14.70054446
2000907,9
2000918,2
2000922,21
2000924,0.253807107
2000926,1
2000932,28.18181818
2000933,0.258397933
2000936,0.186567164
2000938,16
2000947,13
2000948,6
2000949,12
2000959,0.186219739
2000961,0.179533214
2000962,8
2000967,9.124087591
2000970,10.92592593
2000973,6.215722121
2000974,5
2000975,4
2000976,9
2000988,2
2000989,10
2000990,6
2000996,0.720720721
2000999,3
2001026,1
2001027,9
2001046,0.731261425
2001047,0.579150579
2001048,0.188323917
2001049,8
2001050,6.666666667
2001051,15.38461539
2001052,22
2001053,7.272727272
2001054,2
2001055,19
2001056,9
2001057,8
2001104,1
2001125,1
2001130,0.909090909
2001133,10
2001134,24
2001137,20
2001138,19
2001139,8
2001140,8
2001153,1
2001158,1
2001169,1
2001170,2
2001174,2
2001175,1
2001176,3.636363637
2001183,0.179856115
2001184,19
2001198,5
2001216,0.952380952
2001217,1
2001218,3
2001223,0.571428571
2001227,6
2001232,30
2001240,20
2001245,4.460966543
2001246,10.8411215
2001254,26
2001257,2.127659574
2001262,0.185873606
2001263,2.58780037
2001264,21.81818182
2001265,31.25
2001266,28.33333333
2001267,22
2001269,48.94736843
2001270,14.36781609
2001271,31
2001277,2
2001285,0.368324125
2001286,0.387596899
2001288,5
2001296,4
2001297,2
2001299,0.208768267
2001300,0.575815739
2001304,10
2001305,12
2001306,18
2001308,6
2001316,27
2001317,38
2001318,38
2001319,54
2001324,16
2001327,1
2001328,1
2001332,4
2001335,2
2001338,1
2001352,0.919117647
2001364,1
2001368,1
2001369,1
2001374,16
2001375,12
2001376,12.72727273
2001398,15
2001400,3
2001402,3
2001433,25
2001442,23
2001445,18
2001447,24
2001448,28
2001449,50
2001451,30
2001452,30
2001453,24
2001454,34
2001466,4
2001472,7
2001473,1
2001479,1
2001502,5
2001518,1
2001546,5
2001558,1
2001571,1
2001579,1
2001589,20
2001611,8
2001612,15
2001635,24.21052632
2001637,31
2001638,2.272727273
2001640,24.44444444
2001645,20
2001675,28.40909091
2001676,11.11111111
2001677,47
2001679,40
2001688,19.19191919
2001689,11
2001702,35
2001703,20
2001704,16
2001705,29
2001708,15
2001709,8
2001716,71
2001717,35
2001718,46
2001729,15.55555555
2001730,10
2001731,20
2001732,16
2001742,24
2001762,25
2001766,26.96629213
2001767,37
2001768,39
2001769,23
2001775,11.11111111
2001776,35
2001777,27
2001797,4.545454545
2001803,27
2001804,19
2001805,35
2001806,34
2001807,31
2001808,16
2001809,33
2001810,33
2001812,21
2001813,2
2001814,14
2001815,18
2001816,13
2001817,36
2001818,16
2001819,18
2001820,20
2001821,44
2001822,18
2001823,63
2001824,6
2001825,4
2001826,8
2001827,70
2001828,41
2001829,27
2001830,35
2001831,19
2001832,15
2001833,29
2001836,0
2001837,3
2001838,4
2001846,3
2001915,0.179533214
2001916,0.208768267
2001933,0.862068966
2001939,1
2001959,2
2002448,4
2002477,1
2002478,1
2002626,35
2002627,4
2002628,5
2002775,1
2002807,1
2002813,1
2002821,2
3000001,0.190839695
3000002,0.594059406
3000006,0.392156863
3000014,0.183823529
3000025,2
3000037,0.404040404
3000073,0.184842884
3000086,0.185185185
3000098,1
3000099,3
3000107,0.362318841
3000152,0.186915888
3000157,33
3000183,0.53667263
3000203,0.188323917
3000212,0.180831826
3000226,0.185873606
3002535,1.834862385
3002539,3.846153847
3002547,7
3002557,1
3002617,1.960784314
4000676,21
4000677,29
4000678,51
4000679,14
4000680,20.40816327
4000682,21
4000683,14
4000684,37
4000687,19
4000688,38
4000689,19
4000691,45
4000692,30
4000693,39
4000694,40
4000695,50
4000696,29
4000697,36
4000698,41.66666667
4000700,15
4000701,15
4000702,25
4000703,22
4000704,15
4000705,23
4000706,39
4000711,62
4000715,36
4000716,69
4000717,42
4000718,19
4000719,44
4000720,8
4000721,16
4000724,20
4000725,40
4000726,37
4000727,66
4000728,41
4000729,5
4000730,11
4000731,11
4000732,46
4000733,15
4000734,53
4000735,18
4000736,52
4000737,29
4000738,8
4000740,31
4000741,47
4000742,15
4000743,20
4000744,17
4000745,9
4000747,21
4000748,11
4000749,2
4000751,34
4000755,13
4000756,46.72897197
4000757,93
4000758,11
4000759,45
4000760,20
4000761,41
4000762,32
4000763,57
4000764,93
4000765,96
4000766,39
4000767,65
4000768,53
4000769,13
4000770,32
4000771,22
4000772,1
4000773,24
4000774,17.82178218
4000775,30
4000776,24
4000777,66.98113207
4000778,88
4000779,82
4000780,69.23076923
4000782,29
4000783,14
4000784,32
4000785,27
4000786,32
4000787,72
4000788,88
4000789,64
4000791,24
4000792,71
4000793,79
4000794,55
4000795,62
4000798,82
4000800,46
4000801,3
4000802,6
4000803,22
4000804,8
4000805,9
4000806,20
4000807,27
4000808,27
4000809,4
4000810,21
4000812,8
4000813,22
4000816,12
4000817,12
4000818,39
4000819,29
4000820,20
4000821,8
4000822,19
4000823,11
4000824,7
4000825,9
4000826,26
4000827,32
4000828,17
4000829,24
4000830,59
4000831,39
4000832,23
4000833,33
4000834,15
4000836,2
4000837,28
4000838,70
4000839,54
4000840,62.3853211
4000842,41.34615385
4000844,35
4000845,36
4000848,33
4000849,45.19230769
4000850,17
4000851,25
4000852,68.62745098
4000853,53
5000269,6
5002348,1
5002349,1
5002364,1
5002367,1
6001976,1
6001980,1
6001989,34
6001993,29
6001998,17
6002000,6
6002003,2
6002004,15
6002009,8
6002011,1
6002026,41
6002030,3
6002032,1
6002033,4
6002034,2
6002035,4
6002036,1
6002037,1.149425287
6002041,0
6002042,16
6002044,1
6002045,6
6002047,6
6002049,2
6002052,10
6002054,4
6002055,1
6002058,2
6002062,6
6002064,1
6002069,1
6002078,1
6002084,33
6002085,33
6002087,6
6002089,1.111111111
6002091,3
6002095,1
6002096,1
6002100,1
6002108,24
6002109,8
6002115,25
6002116,44
6002117,81
6002118,62
6002119,24
6002120,12
6002121,3
6002122,46
6002123,7
6002124,33
6002125,53
6002126,36
6002127,54
6002129,3
6002132,8
6002133,17
6002134,25
6002135,6
6002136,3
6002137,1
6002138,14
6002141,30
6002143,9
6002144,1
6002146,1
6002147,2
6002148,4
6002154,11
6002155,23
6002156,14
6002157,22
6002158,12
6002159,9
6002160,15
6002161,64
6002162,70
6002163,20
6002164,13
6002165,34
6002166,31
6002169,36
6002170,34
6002171,35
6002172,18
6002173,14
6002174,21
6002175,19
6002176,27
6002177,50
6002178,38
6002180,29
6002181,53
6002182,51
6002183,44
6002184,44
6002185,44
6002187,24
6002188,29
6002189,29
6002190,18
6002192,43
6002193,61
6002194,2
6002206,1
6002212,2
6002218,2
6002222,7
6002227,19
6002228,42
6002234,1
6002236,1
6002241,3
6002242,15
6002243,19
6002244,7
6002245,7
6002247,96
6002248,95
6002255,77
6002256,41
6002257,1
6002291,40
6002292,63
6002293,62
6002294,83
6002296,26
6002297,38
6002298,4
6002300,11
6002302,1
6002304,5
6002313,1
6002314,2
6002334,3
6002336,1
6002341,18
6002342,9
6003293,60
6003294,55
6003295,69
6003296,15
6003297,54
6003298,54
6003299,55
6003300,47
6003301,34
6003302,47
6003303,39
6003304,46
6003757,48
6003758,52
7000538,0.178571429
7000554,0.178571429
7000559,0.178571429
8000651,65
8000652,2
8000653,4
8000654,7
8000656,12
8000657,18
8000658,32
8000660,3
8000661,54
8000662,85
8000663,65
8000665,24
8000671,5
8000672,27
10000025,2
10000026,2
10000028,3
10000036,2
20003005,34
20003007,18
20003008,13
20003009,29
20003010,38
20003011,44
20003012,42
20003013,18
20003014,22
20003015,39
20003016,35
20003017,29
33003073,1
39003135,1
39003910,1
62003087,8
62003088,8
62003089,35
62003090,25
62003091,4
62003092,21
62003093,33
62003094,24
62003095,50
62003096,33
62003097,8
62003098,18
62003099,37
62003100,19
62003101,7
62003102,31
62003103,54
62003104,38
62003105,53
62003106,15
62003107,12
62003108,36
62003117,4
62003118,24
62003119,45
62003120,2
62003121,59
62003122,28
62003123,1
62003713,3
62003714,58
62003715,45
62003716,44
62003717,37
62003718,1
62003719,18
62003720,19
62003721,43
62003722,27
62003723,44
62003724,29
62003725,52
62003726,16
62003727,54
62003728,55
62003729,21
62003730,21
62003731,26
62003732,74
62003733,20
64003154,1
64003165,0.961538462
506002952,36
506002953,28
506002954,10
506002956,14
506002957,27
506002959,25
506002960,5
506002962,25
506002992,2
506002993,1.904761904
506003820,1.739130434
506003821,2.222222222
506003822,2
506003828,1
507003166,30
507003167,33
507003173,96
507003174,95
507003176,1
507003182,6
507003847,3
507003889,2
507003905,25
676003239,17
676003240,39
676003241,28
676003242,11
676003243,11
676003244,13
676003245,13
676003246,55
676003247,32
676003248,17
676003249,3
676003250,17
676003252,19
676003741,17
676003742,4
682002937,51
682002938,44
682002939,2.247191011
682002940,21
683003147,27.61904762
683003148,35
683003150,32.72727273
683003152,30
683003153,31.81818182
683003932,18
683003933,26
683003934,20
689003033,19
689003034,29
689003035,50
689003036,20
689003037,29
689003038,63
689003039,5
689003040,39
689003041,52
689003042,11
689003043,64
689003044,19
689003045,52
689003047,37
689003048,4
689003049,5
689003050,5
689003051,55
689003052,10
689003053,15
689003054,29
689003055,2
689003056,31
689003057,33
689003058,6
689003059,8
689003060,7
689003061,6
689003735,30
689003736,6
689003738,23
689003739,6
689003740,15
855003140,11
855003141,32.8125
855003142,3.225806451
855003143,11.42857143
855003144,27.19298246
855003145,51.85185185
855003146,44.54545455
912340011,71
912340012,84
912340013,6
912340014,4
912340015,12
912340016,8
912340017,1
912340018,7
912340019,4
912340020,27
912340021,45
912340022,60
912340023,25
912340024,36
912340025,15
912340026,30
912340027,41
912340028,37
912340029,11
912340030,42
912340031,25
912340032,17
912340033,26
912340034,44
912340035,46
912340288,33
912340289,43
912340290,26.66666667
912340291,21.9047619
912340292,32.72727273
912340293,17.14285714
912340295,5
912340357,22
912340360,23
912340361,15
912340362,3
912340363,30
912340364,26
912340365,21
912340366,15
912340367,1
912340368,35
912340369,6
912340370,63
912340371,10
912340372,21
912340373,64
912340374,42
912340375,36
912340376,25
912340377,41
912340378,75
912340379,61
912340380,13
912340381,58
912340382,40
912340383,69
912340384,22
912340385,63
912340386,36
912340387,35
912340388,27
912340389,16
912340390,19
912340391,28
912340392,58
912340393,9
912340394,10
912340395,27
912340396,12
912340397,16
912340398,25
912340399,17
912340400,14
912340401,8
912340402,18
912340403,7
912340404,26
912340405,19
912340406,10
912340407,28
912340449,19
912340458,5
912340459,38.38383838
912340460,3
912340461,19
912340462,49
912340463,77
912340464,47.47474747
912340465,31.31313131
912340478,11
912340492,41
912340494,24
912340512,37
912340513,2.857142857
912340523,1
912340528,18.09523809
912340529,27
912340534,23
912340537,27
912340540,8
912340541,13
912340542,21
912340543,46
912340546,17.17171717
912340547,23
912340548,20.40816327
912340550,39.39393939
912340551,11
912340552,15
912340553,15
912340559,27
912340560,25
912340561,25
912340562,13
912340563,10
912340564,65
912340565,52.38095238
912340566,70
912340567,43
912340568,5
912340569,28
912340570,60
912340571,71
912340572,38
912340574,8
912340575,54
912340576,40
912340577,8
912340578,40
912340582,26
912340583,31
912340584,35
912340585,55
912340586,58
912340587,33
912340588,46
912340590,50
912340591,44
912340592,5
912340593,2
912340594,4
912340595,6
912340596,21
912340597,25
912340598,87
912340599,100
912340600,10
912340601,14
912340602,98
912340603,74
912340604,39
912340605,61
912340606,39
912340607,89
912340608,82
912340609,46
912340610,15
912340611,31
912341092,0.943396226
912341095,39
912341096,62.71186441
912341097,53.92156863
912341098,55.55555555
912341099,39
912341100,49.47368422
912341101,34.31372549
912341102,56.03448275
912341103,61.34453781
912341104,56.75675676
912341105,75.60975609
912341106,62.72727273
912341107,50
912341108,32.38095239
912341110,88.69565218
912341111,50.5050505
912341112,57.29166667
912341113,58.13953488
912341114,54.83870968
912341115,35.29411765
912341116,43.80952381
912341117,15
912341119,18.0952381
912341121,27.61904762
912341123,15.23809524
912341129,19.04761905
912341130,38.88888889
912341131,14.75409836
912341132,1.666666666
912341133,23.96694215
912341134,5.357142858
912341135,38.21138211
912341136,24.78632479
912341137,7.377049179
912341138,6.896551726
912341139,57.39130435
912341140,55.14018692
912341141,19.46902654
912341142,35.13513513
912341143,43.96551724
912341144,31.2
912341145,41.88034188
912341146,49.13793104
912341147,47.05882353
912341148,54.47154472
912341149,9.848484849
912341150,33.61344538
912341151,40.49586777
912341152,22.4
912341153,33.07692307
912341154,45.45454546
912341155,41.96428572
912341156,38.52459017
912341157,3.883495146
912341158,17.30769231
912341159,46.55172414
912341160,36.69724771
912341161,33.94495413
912341162,55.55555556
912341163,33.00970874
912341164,22.22222222
912341165,31.91489362
912341166,11.71171171
912341167,9.615384616
912341168,16.66666667
912341169,4.385964912
912341171,2.857142857
912341172,6
912341173,20.19230769
912341174,14.28571428
912341175,13.40206186
912341176,10.37735849
912341177,47.61904763
912341178,23.52941176
912341179,41.05263158
912341180,3.921568628
912341181,5
912341182,20.79207921
912341183,2
912341184,17.24137931
912341185,1.923076923
912341186,16.98113207
912341187,13.46153846
912341188,3.809523809
912341189,2.857142857
912341190,1.818181818
912341191,2.884615385
912341192,12.22222222
912341193,7.692307692
912341194,5.607476635
912341195,8.411214953
912341196,32.38095238
912341197,30.8411215
912341198,23.58490567
912341199,29.52380953
912341200,9.708737863
912341201,37.37373737
912341202,41.58415842
912341203,11.53846154
912341204,18.62745098
912341205,14.1509434
912341206,16.03773585
912341207,8.571428572
912341208,2.884615385
912341209,6.666666667
912341210,6.666666667
912341211,16.03773585
912341212,14.1509434
912341213,12.26415094
912341214,11.88118812
912341215,26.92307692
912341216,7.216494845
912341217,50.92592592
912341218,17.64705882
912341219,11.76470588
912341220,11.92660551
912341221,22.11538462
912341222,11.71171171
912341223,9.803921569
912341770,3.278688525
912341783,5
912341785,1
912341789,21
912341790,22
912341791,19
912341792,23
912341793,24
912341794,18
912341795,8
912341796,6
912341797,17
912341798,25
912341799,15
912341800,17
912341801,17
912341802,15
912341803,25
912341804,9
912341805,10
912341806,18
912341807,16
912341808,21
912341809,15
912341810,21
912341811,49
912341812,21
912341813,57
912341814,16
912341815,3
912341816,70
912341817,56
912341818,41
912341819,11
912341820,1
912341821,5
912341822,11
912341823,15
912341824,5
912341825,3
912341826,19
912341827,38
912341829,5.042016806
912341832,1.818181818
912341834,34
912341835,72
912341837,24
912341838,15
912341839,31
912341840,28
912341841,2
912341842,49
912341843,33
912341844,34
912341845,19
912341846,3
912341864,3.883495146
912341904,3
912341905,0.943396226
912341909,5.405405405
912341910,5.357142857
912341911,0.934579439
912341913,3.603603604
912341915,7.407407408
912341916,2.608695652
912341917,4
912341918,0.900900901
912341920,1.785714286
912341966,20
912341967,7
912341968,1
912341969,4
912341970,20
912342031,41.17647059
912342032,17.64705883
912342033,14.15929204
912342034,20.79207921
912342035,59.43396226
912342096,8
912342097,65
912342098,75
912342099,89
912342100,81
912342102,30
912342103,33
912342104,24
912342106,87
912342107,60
912342108,50.47619048
912342109,85.96491228
912342110,73.63636363
912342111,75
912342112,67
912342113,49
912342114,63
912342115,49
912342116,60
912342117,66
912342118,25
912342119,28
912342120,37
912342121,45
912342122,27
912342123,19
912342124,6
912342125,24
912342126,5
912342127,42
912342128,8
912342129,43
912342130,62
912342131,6
912342132,63
912342133,70
912342134,70
912342135,68
912342137,21
912342138,48
912342139,32
912342140,47
912342141,50
912342142,34
912342143,68.75
912342144,39
912342145,26
912342146,7
912342147,49
912342148,73
912342149,46
912342150,10
912342151,36
912342152,3
912342153,44
912342154,52
912342155,16
912342156,25
912342157,58
912342158,50
912342159,42
912342160,52
912342163,74.44444445
912342164,90
912342165,54
912342166,51
912342167,6
912342168,11
912342170,8.571428571
912342171,2
912342173,30
912342174,41
912342175,34
912342176,4
912342177,21
912342178,1
912342179,3
912342180,34
912342182,7
912342183,13
912342184,41
912342185,44
912342186,28
912342187,31
912342188,8
912342189,19
912342190,21
912342191,15
912342220,0.909090909
912342225,17.24137931
912342226,59.34065934
912342228,20.51282052
912342229,35.24590165
912342230,1
912342232,16
912342233,13
912342234,86
912342235,5
912342236,2
912342237,4
912342238,4
912342239,5
912342240,10
912342241,1
912342242,13
912342243,87
912342244,0
912342245,1
912342266,5
912342267,14
912342268,1
912342269,6
912342270,16
912342271,19
912342272,4
912342273,5
912342274,2
912342275,6
912342276,3
912342277,8
912342278,11
912342279,17
912342280,6
912342281,1
912342282,1
912342283,3
912342284,7
912342285,20
912342373,55
912342374,6
912342380,68
912342382,44
912342383,94
912342384,51
912342385,86
912342386,25
912342387,71
912342388,30
912342389,55
912342390,23
912342391,27
912342392,25
912342393,40
912342394,10
912342395,53
912342397,23
912342398,12
912342399,2
912342412,7
912342413,10
912342418,6
912342419,3.03030303
912342420,1
912342421,1
912342422,1.052631579
912342423,6
912342424,1
912342425,11
912342426,6
912342427,15
912342429,22
912342430,21
912342431,10
912342432,4
912342433,11
912342434,16
912342435,4
912342436,4
912342437,38
912342438,37
912342439,25
912342440,23
912342441,41
912342442,45
912342443,31
912342444,18
912342445,45
912342446,43
912342447,51
912342448,68
912342449,24
912342450,23
912342451,34
912342452,50
912342453,23
912342454,17
912342455,41
912342456,40
912342457,32
912342458,40
912342459,33
912342460,25
912342461,3
912342462,8
912342463,8
912342464,2
912342465,3
912342466,1
912342468,1
912342469,14
912342470,22
912342471,21
912342472,22
912342473,4
912342474,31
912342475,6
912342476,8
912342477,11
912342478,7
912342479,13
912342480,15
912342481,31
912342482,34
912342483,17
912342484,16
912342485,35
912342486,47
912342487,23
912342488,16
912342489,35
912342490,19
912342491,18
912342492,12
912342493,39
912342494,48
912342735,0.952380952
912342741,1.020408163
912342742,1
912342757,0.909090909
912342772,1
912342794,1.01010101
912342797,0.952380952
912342808,3.636363636
912342812,11.42857143
912342815,1.904761905
912342817,6.666666667
912342820,0.952380952
912342821,1.904761905
912342823,0.952380952
912342824,3.809523809
912342841,0.952380952
912342843,2
912342913,0.909090909
912343034,0.25974026
912343047,0.257731959
912343059,1.515151515
912343061,24
912343062,43
912343089,66
912343091,37.62376238
912343092,27
912343093,30
912343094,21
912343095,18
912343096,24
912343097,30
912343099,23
912343100,32
912343101,23
912343102,60
912343103,73
912343106,62
912343107,46
912343112,10
912343113,8
912343114,1
912343115,9
912343116,61
912343117,60
912343118,9
912343119,35
912343121,32
912343122,32
912343126,21
912343127,17
912343128,13
912343129,48
912343130,36
912343132,22
912343133,6
912343134,17
912343135,42
912343136,38
912343137,44
912343138,52
912343139,47
912343140,25
912343141,11
912343142,14
912343143,7
912343145,27
912343146,19
912343147,32
912343149,5
912343150,7
912343151,21
912343153,26
912343154,20
912343155,26
912343157,36
912343158,33
912343159,11
912343160,13
912343161,10
912343162,6
912343163,18
912343165,23
912343166,20
912343167,59
912343169,9
912343170,11
912343172,18
912343173,46
912343174,13
912343175,11
912343177,5
912343178,12
912343179,9
912343180,6
912343183,16
912343184,12
912343185,14
912343187,4
912343189,30
912343190,18
912343194,4
912343195,36
912343196,11
912343197,22
912343198,13
912343199,14
912343200,9
912343201,14
912343202,26
912343205,27
912343206,12
912343207,17
912343208,10
912343209,16
912343210,33
912343211,21
912343212,22
912343215,2
912343220,8
912343223,5
912343224,9
912343225,8
912343226,22
912343227,8
912343228,35
912343230,1
912343234,19
912343235,28
912343236,16
912343237,4
912343240,4
912343241,3
912343242,4
912343243,10
912343244,12
912343246,14
912343247,11
912343248,9
912343249,10
912343250,11
912343252,15
912343253,6
912343254,18
912343255,17
912343256,20
912343257,7
912343258,12
912343259,6
912343260,10
912343261,27
912343262,14
912343263,11
912343264,3
912343265,17
912343267,1
912343268,1
912343269,13
912343270,11
912343272,10
912343273,6
912343274,8
912343275,23
912343279,14
912343281,15
912343282,13
912343283,22
912343284,19
912343285,17
912343286,28
912343287,6
912343288,5
912343289,3
912343290,6
912343291,9
912343292,5
912343293,5
912343295,18
912343296,14
912343298,9
912343299,14
912343300,12
912343301,10
912343302,6
912343303,8
912343304,8
912343305,9
912343306,8
912343307,10
912343308,9
912343309,14
912343310,2
912343311,4
912343312,10
912343313,5
912343314,0
912343315,1
912343316,1
912343317,7
912343318,17
912343319,18
912343320,2
912343322,6
912343323,3
912343324,9
912343325,9
912343326,5
912343327,16
912343328,11
912343329,2
912343330,14
912343331,13
912343332,3
912343333,10
912343334,12
912343335,12
912343336,14
912343337,19
912343338,6
912343339,10
912343340,10
912343341,4
912343342,3
912343343,5
912343344,5
912343345,4
912343346,2
912343347,8
912343348,9
912343349,9
912343354,21
912343355,19
912343356,27.08333333
912343407,4
912343408,7
912343409,7
912343410,49
912343411,52
912343412,9
912343413,15
912343414,27
912343415,49
912343416,32
912343417,31
912343418,31
912343419,41
912343420,52
912343421,65
912343422,69
912343423,68
912343424,11
912343425,17
912343428,63
912343429,50
912343430,11
912343431,54
912343432,62
912343433,39
912343434,39
912343492,2
912343493,1
912343496,2
912343498,1
912343508,4
912343509,2
912343513,5
912343514,1
912343515,1
912343748,12
912343749,10
912343750,19
912343751,22
912343752,19
912343753,28
912343754,25
912343755,36
912343756,10
912343757,15
912343758,28
912343759,28
912343760,18
912343761,7
912343762,7
912343763,24
912343764,12
912343765,29
912343766,36
912343767,20
912343768,29
912343769,37
912343770,51
912343771,48
912343772,35
912343773,35
912343774,49
912343775,40
912343776,45
912343777,27
912343778,4
912343779,31
912343780,17
912343781,6
912343782,13
912343783,37
912343784,20
912343785,36
912343786,19
912343787,10
912343788,1
912343789,8
912343790,38
912343791,16
912343792,15
912343793,9
912343794,22
912343795,17
912343796,19
912343797,57
912343798,21
912343799,45
912343800,33
912343801,53
912343802,30
912343803,43
912343804,19
912343805,5
912343806,9
912343807,19
912343808,29
912343809,27
912343810,26
912343811,39
912343812,13
912343813,8
912343815,11
912343816,12
912343817,18
912343819,26
912343821,24
912343822,27
912343823,6
912343824,64
912343825,41
912343826,45
912343827,15
912343829,43
912343830,30
912343831,5
912343958,14.89361702
912343961,4
912343966,71.57894737
912343973,32.29166667
912343974,35.16483517
912343976,39.58333334
912343990,17
912343991,17
912343992,3
912343999,42.85714286
912344000,27
912344001,19
912344003,3
912344004,72
912344019,26
912344029,17
912344030,10.1010101
912344031,19
912344032,36
912344033,40
912344036,22.22222222
912344041,18
912344047,35
912344050,7
912344051,18
912344052,13.68421053
912344057,58
912344062,19.19191919
912344118,9.900990099
912344119,8.080808081
912344120,3.96039604
912344121,12.8440367
912344169,16
912344170,23
912344171,26
912344173,73
912344174,65
912344175,35.64356436
912344176,46
912344177,29.57746479
912344178,28
912344179,68
912344180,61.61616161
912344181,59.59595959
912344182,43.26923077
912344183,50
912344184,51.92307693
912344185,35.0515464
912344186,33.33333333
912344187,30.76923077
912344188,22.85714285
912344189,60.95238096
912344190,59.04761905
912344191,37.62376238
912344192,24.75247525
912344193,40.95238095
912344194,34.02061856
912344195,41
912344196,24
912344197,58
912344198,26
912344199,19
912344200,25
912344201,18
912344202,17
912344203,10
912344204,29
912344205,43
912344206,32
912344207,10
912344208,21
912344209,26
912344210,20
912344212,23
912344213,36
912344214,36
912344215,43
912344216,29
912344217,28
912344218,37
912344219,11
912344220,29
912344221,37
912344222,57
912344223,29
912344224,23
912344225,42
912344226,37
912344227,31
912344228,41
912344229,16
912344230,24
912344231,8
912344232,10
912344233,26
912344234,14
912344235,19
912344236,1
912344237,80
912344238,75
912344239,63
912344240,56
912344241,51
912344242,63
912344243,55
912344244,33
912344245,30
912344246,24
912344247,39
912344248,40
912344249,21
912344250,34.7826087
912344251,43.80952381
912344252,27.27272727
912344253,22.33009709
912344254,38
912344255,33.98058252
912344257,26.73267327
912344258,27.55102041
912344260,33.33333334
912344261,40
912344262,45
912344263,10
912344264,6
912344265,5
912344266,60
912344267,71.13402062
912344268,64
912344270,17
912344271,14
912344272,6
912344273,3
912344274,4
912344275,1
912344276,4
912344277,1
912344278,15
912344279,8
912344280,10
912344281,4
912344282,13
912344283,21
912344288,7
912344289,19
912344290,30
912344291,12
912344292,11
912344293,6
912344294,11
912344295,25
912344296,12
912344297,9
912344298,16
912344299,8
912344300,1.01010101
912344301,6
912344304,4
912344305,9
912344306,10
912344307,8
912344309,1
912344310,6
912344311,3
912344312,20
912344313,54
912344314,28
912344315,11
912344316,14
912344317,1
912344319,4
912344320,16
912344321,23
912344322,14
912344323,4
912344325,3
912344326,6
912344327,10
912344330,2
912344332,6
912344334,7
912344335,6
912344336,40
912344337,21
912344338,13
912344339,15
912344340,9
912344341,4
912344342,34
912344343,58
912344344,30
912344345,52
912344346,26
912344347,37
912344348,10
912344349,14
912344350,28
912344351,39
912344352,6
912344353,15
912344354,35
912344355,29
912344356,1
912344357,26
912344358,28
912344359,26
912344360,32
912344361,23
912344362,14
912344363,8
912344364,12
912344365,8
912344366,26
912344367,1
912344368,42
912344369,46
912344370,4
912344372,1
912344373,3
912344374,16
912344375,14
912344376,9
912344377,3
912344378,2
912344379,5
912344381,2
912344382,1
912344384,1
912344394,26.66666667
912344410,5
912344415,6
912344418,6
912344419,6
912344422,6
912344423,1
912344425,1
912344426,1
912344432,11
912344464,41
912344465,43
912344466,34
912344467,37
912344468,49
912344469,37
912344470,50
912344471,29
912344472,16
912344473,23
912344474,64
912344475,8
912344476,41
912344477,49
912344478,40
912344479,15
912344480,32
912344481,37
912344482,47
912344483,28
912344484,34
912344485,57
912344486,38
912344487,39
912344488,26
912344489,47
912344491,45
912344492,69
912344493,71
912344494,48
912344495,69
912344496,9
912344497,45
912344498,8
912344499,13
912344500,1
912344501,8
912344503,39
912344504,26
912344505,21
912344506,17
912344507,15
912344508,42
912344509,14
912344510,35
912344511,44
912344512,52
912344513,18
912344514,16
912344515,45
912344516,25
912344517,41
912344518,38
912344519,69
912344520,44
912344521,28
912344522,30
912344523,37
912344524,24
912344525,36
912344526,18
912344527,28
912344528,3
912344529,18
912344530,24
912344532,50
912344533,41
912344535,84
912344536,17
912344537,34
912344538,77
912344539,78
912344540,55
912344541,72
912344542,41
912344543,51
912344544,63
912344545,74
912344546,77
912344547,53
912344548,74
912344549,87
912344550,50
912344573,27
912344574,21
912344575,26
912344576,22
912344650,1.123595506
912344726,55
912344727,35
912344728,39
912344729,46
912344730,74
912344731,83
912344732,89
912344733,15
912344734,57
912344735,26
912344736,4
912344737,14
912344738,67
912344739,26
912344740,66
912344741,89
912344742,21
912344743,45
912344744,50
912344745,39
912344746,43
912344747,16
912344748,97
912344749,34
912344750,45
912344751,34
912344752,24
912344753,41
912344754,69
912344755,30
912344756,16
912344757,21
912344877,34.54545455
912344878,3
912344879,12.38095238
912344880,4
912344881,31
912344883,18
912344888,5
912344890,22
912344893,1
912344894,8.571428572
912344895,13.63636364
912344896,3.809523809
912344904,34.7826087
912344908,11.53846154
912344910,19
912344911,12.72727273
912344914,11
912344916,6.511627906
912344923,7.44680851
912344924,10.52631579
912344926,27.27272728
912344929,0.8
912344930,17.14285714
912344932,6.315789474
912344935,6.666666666
912344936,13
912344937,10.47619048
912344938,38.53211009
912344940,28.18181818
912344941,35.23809524
912344943,9
912344944,8
912344948,11
912344951,24.76190476
912344952,20
912344954,47.61904763
912344957,0.952380952
912344958,33.67346939
912344959,33.68421053
912344961,3
912344962,6
912344965,31
912344969,9.473684211
912344992,1.069518717
912345033,11
912345034,13
912345035,10
912345036,8
912345037,23
912345038,14
912345361,16
912345362,27
912345363,48
912345364,51
912345388,30
912345389,41
912345390,13
912345395,6.030150755
912345396,24
912345397,46
912345399,4
912345400,22
912345401,34.34343434
912345402,33.33333333
912345405,13.40206186
912345407,1
912345408,7.52688172
912345411,43.68932038
912345412,14.56310679
912345425,17
912345426,22
912345427,49
912345428,25
912345432,21
912345433,8
912345434,24
912345435,15
912345436,10
912345437,4
912345438,3
912345439,5
912345440,6
912345441,8
912345442,79
912345443,57
912345444,24
912345445,57
912345446,13
912345447,14
912345448,12
912345449,11
912345450,64
912345451,56
912345452,23
912345453,44
912345456,10
912345457,9
912345458,36
912345459,24
912345461,20
912345463,19
912345464,30
912345469,3
912345470,5
912345471,2
912345472,22
912345473,31
912345474,4
912345475,25
912345478,5
912345481,14
912345482,21
912345483,10
912345484,18
912345485,31
912345489,45
912345490,32
912345491,33
912345492,72
912345493,1
912345494,16
912345495,16
912345496,20
912345497,17
912345498,54
912345499,16
912345500,31
912345501,24
912345502,19
912345503,37
912345504,32
912345505,30
912345506,22
912345507,13
912345508,37
912345509,43
912345510,17
912345512,13
912345513,48
912345514,23
912345515,34
912345516,33
912345517,21
912345518,18
912345519,20
912345521,65
912345522,28
912345523,12
912345524,38
912345526,9
912345527,21
912345528,29
912345530,17
912345531,37
912345532,12
912345533,25
912345534,15
912345535,20
912345536,26
912345537,19
912345538,21
912345546,2.727272727
912345582,1
912345585,1
912345710,9
912345711,13
912345712,11
912345713,1
912345716,28
912345717,12
912345718,71
912345719,76
912345722,62
912345723,57
912345724,45
912345725,57
912345728,18
912345729,33
912345732,63
912345733,74
912345734,24
912345735,27
912345736,14
912345737,35
912345738,16
912345740,48
912345741,17
912345742,15
912345743,34
912345744,39
912345745,55
912345746,48
912345747,46
912345748,39
912345749,73
912345750,14
912345751,9
912345752,3
912345753,12
912345754,45
912345755,17
912345756,16
912345757,10
912345758,13
912345759,8
912345760,11
912345761,14
912345762,5
912345763,1
912345764,28
912345765,36
912345766,32
912345767,35
912345768,26
912345769,36
912345770,8
912345771,1
912345772,55
912345773,45
912345774,35
912345775,45
912345776,24
912345777,18
912345778,13
912345779,5
912345780,73
912345781,79
912345782,3
912345783,23
912345784,31
912345785,24
912345786,9
912345787,41
912345788,9
912345789,28
912345790,17
912345792,25
912345793,56
912345794,28
912345795,19
912345796,26
912345797,15
912345798,15
912345799,25
912345800,33
912345801,31
912345802,50
912345803,64
912345804,59
912345805,39
912345806,16
912345807,40
912345808,40
912345809,36
912345810,31
912345811,22
912345812,19
912345816,24
912345817,46
912345818,20
912345819,28
912345820,39
912345821,44
912345822,35
912345823,46
912345824,9
912345825,23
912345826,63
912345827,24
912345828,11
912345829,7
912345830,28
912345831,32
912345832,58
912345833,51
912345834,19
912345835,40
912345838,93
912345853,14
912345854,18
912345857,24
912345858,34
912345859,41
912345860,46
912345861,6
912345865,63
912345866,43
912345867,47
912345869,27
912345881,14
912345889,42
912345892,21
912345894,4
912345895,24
912345897,9
912345903,32
912345904,65
912345906,2
912345907,33
912345910,80
912345912,61
912345913,31
912345914,6.666666666
912345915,14.54545455
912345916,27
912345917,17.53926702
912345918,5
912345919,10
912345945,2.857142857
912345946,4.166666667
912345947,7.619047619
912345957,3
912345961,2
912345962,16.16161616
912345963,23.07692308
912345964,7.619047619
912345965,4.761904762
912345979,32.38095238
912345994,24
912345995,37
912345996,34
912345997,51
912345999,3
912346000,15
912346001,15
912346002,6
912346003,2.857142857
912346004,26.92307692
912346005,0.952380952
912346006,7.272727273
912346007,20.95238095
912346008,69
912346009,3
912346011,7
912346012,62
912346013,56
912346016,20
912346018,39
912346026,24
912346027,65
912346028,32
912346029,42
912346030,15
912346031,12
912346037,44
912346038,36
912346039,33
912346040,53
912346041,16
912346042,22
912346043,25
912346044,29
912346045,54
912346046,4
912346109,26
912346110,27
912346111,41
912346113,9
912346114,18
912346116,2
912346117,10
912346118,1
912346120,9
912346121,9
912346122,30
912346124,8
912346125,67
912346126,30
912346128,4.25
912346129,13
912346130,18
912346131,3.75
912346132,12.75
912346133,1
912346134,11.25
912346135,33
912346137,35.75
912346139,34
912346140,56
912346141,51.5
912346142,17.25
912346143,19.5
912346144,23
912346145,20
912346146,7
912346147,31
912346148,21.25
912346149,27
912346150,17.5
912346151,6.25
912346152,8
912346154,4.75
912346155,11.5
912346157,1
912346158,1.25
912346159,4
912346160,20.25641026
912346161,40.75
912346162,47.25
912346163,20.25
912346164,17.5
912346165,42.5
912346166,8
912346167,13.25
912346168,12
912346169,12
912346170,27.25
912346171,36.75
912346172,38
912346173,22
912346174,3
912346175,52
912346176,27
912346177,30
912346178,17.25
912346179,23.80952381
912346180,28.25
912346181,23.75
912346182,5.25
912346183,28.25
912346184,53.25
912346185,20
912346186,49.25
912346187,68.09045226
912346188,12.25
912346189,14.5
912346190,22.75
912346191,22.25
912346193,19.5
912346194,11
912346195,16
912346196,12.75
912346197,7
912346198,19.23076923
912346199,6.75
912346200,8
912346201,59.5
912346202,14
912346203,16.5
912346204,22.75
912346205,17
912346207,36.25
912346208,21.25
912346209,7.5
912346210,36.5
912346211,9.5
912346212,36.5
912346213,35.75
912346214,11.5
912346215,41.25
912346216,15.25
912346217,22.75
912346218,57
912346219,39
912346220,32.25
912346221,39.5
912346222,7.5
912346240,17.25
912346241,41
912346242,17
912346243,16
912346244,11.5
912346245,44.25
912346246,25
912346247,28
912346315,37
912346316,56
912346317,23
912346318,5
912346319,22
912346320,6
912346321,2
912346322,6
912346323,2
912346324,1
912346325,18
912346326,26
912346327,6
912346328,2
912346329,90
912346330,14
912346331,7
912346332,3
912346333,2
912346334,4
912346335,18
912346336,65
912346337,3
912346338,5
912346339,1
912346340,10
912346341,17
912346342,15
912346343,41
912346344,26
912346345,5
912346346,55
912346347,29
912346348,20
912346349,42
912346350,8
912346355,5
912346356,3
912346366,6
912346367,5
912346368,26
912346369,11.30434783
912346370,21
912346371,20
912346372,7
912346373,18.94736842
912346433,7
912346436,2
912346438,2
912346443,2
912346451,1
912346453,1
912346525,18.26923077
912346528,8.571428571
912346535,20
912346536,47
912346540,16
912346541,18
912346542,2.884615385
912346547,7.619047618
912346548,42.72727273
912346551,17
912346570,9.090909091
912346641,33
912346642,1
912346645,24
912346646,42
912346648,1
912346651,36
912346652,21
912346654,40
912346655,46
912346657,42
912346658,59
912346659,28
912346661,1
912346662,47
912346663,55
912346664,42
912346665,6
912346666,1
912346667,14
912346668,11
912346669,8
912346670,5
912346675,5
912346676,26.66666667
912346677,20
912346679,38
912346680,2
912346681,77
912346682,6
912346684,27.61904762
912346685,2
912346686,53
912346687,32
912346688,4.705882353
912346689,35
912346690,1
912346691,23
912346692,25
912346694,41
912346695,46
912346696,32
912346697,69
912346698,43
912346700,5
912346701,29
912346706,3
912346708,25
912346709,4
912346710,45
912346711,27
912346712,30
912346713,18
912346714,1
912346715,22
912346716,14
912346720,29
912346721,8
912346722,12
912346723,11
912346725,35
912346727,14
912346728,16
912346729,4
912346730,40
912346731,20
912346733,18
912346736,10
912346738,13
912346739,36
912346740,24
912346741,26
912346742,9
912346743,14
912346744,8
912346745,5
912346746,7
912346747,46
912346748,19
912346749,2
912346759,71
912346760,1
912346761,48
912346762,23
912346764,6
912346765,35
912346766,33
912346767,41
912346768,63
912346769,28
912346770,86
912346771,34
912346772,28
912346773,9
912346774,40
912346775,5
912346776,38
912346777,2
912346778,2
912346779,21
912346780,11
912346781,11
912346782,20
912346783,13
912346784,5
912346785,14
912346786,46
912346787,8
912346788,12
912346789,2
912346790,12
912346791,0
912346792,6
912346793,3
912346794,6
912346795,12
912346796,18
912346797,4
912346798,14
912346799,6
912346800,4
912346801,5
912346802,16
912346803,4
912346804,25
912346805,22
912346806,23
912346807,28
912346808,28
912346809,35
912346810,18
912346811,12
912346814,44
912346815,25
912346816,36
912346817,37
912346818,78
912346819,66
912346820,39
912346821,31
912346822,10
912346823,12
912346824,7
912346825,21
912346826,17
912346827,14
912346828,18
912346829,39
912346830,6
912346831,11
912346832,15
912346833,16
912346834,17
912346835,29
912346836,39
912346837,20
912346838,43
912346839,42
912346840,18
912346841,14
912346842,47
912346843,17
912346844,16
912346845,20
912346846,27
912346847,16
912346848,13
912346849,23
912346850,44
912346851,48
912346852,11
912346853,12
912346854,35
912346855,28
912346856,68
912346857,57
912346858,42
912346859,9
912346860,13
912346861,49
912346862,34
912346863,8
912346865,32
912346866,48
912346867,9
912346868,10
912346869,34
912346870,13
912346871,62
912346872,71
912346960,2.036659878
912347043,25
912347044,24
912347045,44
912347046,21
912347047,29
912347048,29
912347049,37
912347050,16
912347051,28
912347052,34
912347053,24
912347054,42
912347055,19
912347056,24
912347057,10
912347058,9
912347059,35
912347060,43
912347061,41
912347062,33
912347063,46
912347064,27
912347065,41
912347066,32
912347067,26
912347068,25
912347069,22
912347070,23
912347071,34
912347072,26
912347073,31
912347074,15
912347075,30
912347076,33
912347077,47
912347078,43
912347079,13
912347080,14
912347081,41
912347082,11
912347083,43
912347084,34
912347085,62
912347086,51
912347087,29
912347088,9
912347089,15
912347090,14
912347091,29
912347092,38
912347093,37
912347094,44
912347095,3
912347096,6
912347097,25
912347098,31
912347099,37
912347100,38
912347101,17
912347102,17
912347104,1
912347105,11
912347106,8
912347107,25
912347108,10
912347109,11
912347110,17
912347111,7
912347112,13
912347113,24
912347114,9
912347115,7
912347116,16
912347117,23
912347118,26
912347119,14
912347120,6
912347121,2
912347122,51
912347123,56
912347124,76
912347125,76
912347126,72
912347127,3
912347128,0
912347129,11
912347130,18
912347131,27
912347132,13
912347133,22
912347134,6
912347135,59
912347136,24
912347390,82
912347391,95
912347392,77
912347393,75
912347394,37
912347395,33
912347396,13
912347397,14
912347398,8
912347399,37
912347400,12
912347401,31
912347402,22
912347403,12
912347404,7
912347405,21
912347408,26
912347409,34
912347410,1
912347411,6
912347412,27
912347413,13
912347414,13
912347415,24
912347418,1
912347419,3
912347424,11
912347425,8
912347426,38
912347427,12
912347428,42
912347429,30
912347497,52
912347498,46
912347499,44
912347500,34
912347501,4
912347502,2
912347503,75
912347504,46
912347506,19
912347507,11
912347508,65
912347509,48
912347510,8
912347511,91
912347512,50
912347513,17
912347514,64
912347515,48
912347516,55
912347517,1
912347518,45
912347519,86
912347520,6
912347521,14
912347522,7
912347523,18
912347524,44
912347525,14
912347526,3
912347527,16
912347528,18
912347529,16
912347530,5
912347531,49
912347532,41
912347533,6
912347534,14
912347535,26
912347536,17
912347537,8
912347538,1
912347539,4
912347540,7
912347541,10
912347542,4
912347543,5
912347544,25
912347545,14
912347546,48
912347547,39
912347548,19
912347549,73
912347550,10
912347553,74
912347554,49
912347555,55
912347561,85
912347562,60
912347563,60
912347564,67
912347565,53
912347566,46
912347567,30
912347568,56
912347571,18
912347572,40
912347575,6
912347576,8
912347577,31
912347578,21
912347579,26
912347580,17
912347585,11
912347588,83
912347589,53
912347624,20
912347625,13
912347626,8
912347627,24
912347631,6
912347632,23
912347633,9
912347634,21
912347635,6
912347636,6
912347637,5
912347638,1
912347640,3
912347641,2
912347642,3
912347643,9
912347644,4
912347645,4
912347646,3
912347647,11
912347648,2
912347649,8
912347650,2
912347651,5
912347653,5
912347654,19
912347655,2
912347656,40
912347657,56
912347661,3
912347662,9
912347663,6
912347664,15
912347665,19
912347666,5
912347667,14
912347668,6
912347670,17
912347671,2
912347672,6
912347673,4
912347674,13
912347675,5
912347676,6
912347677,3
912347678,1
912347679,9
912347680,3
912347681,9
912347682,1
912347683,3
912347684,23
912347685,25
912347688,2
912347689,16
912347690,5
912347691,13
912347692,12
912347695,17
912347696,19
912347697,6
912347698,4
912347699,21
912347700,2
912347701,16
912347702,4
912347704,6
912347705,3
912347706,25
912347707,21
912347708,12
912347709,8
912347710,4
912347711,2
912347712,10
912347713,6
912347716,11
912347717,7
912347718,9
912347719,7
912347722,12
912347723,1
912347724,13
912347725,2
912347727,9
912347728,3
912347730,7
912347731,17
912347732,13
912347734,45
912347735,53
912347736,84
912347737,86
912347738,7
912347739,4
912347740,4
912347741,2
912347746,2
912347747,18
912347748,14
912347749,18
912347750,1.01010101
912347751,2
912347752,56
912347753,69
912347754,9
912347755,3
912347757,1
912347758,40
912347759,44
912347760,35
912347761,48
912347762,23
912347763,38
912347765,8
912347766,28
912347767,11
912347768,6
912347796,2
912347797,0
912347798,49
912347799,14
912347801,4.761904761
912347802,10
912347803,17
912347805,36.19047619
912347824,41
912347825,32
912347826,34.28571429
912347845,9.090909091
912349543,8
912349546,1
912349548,5
912349550,25.92592593
912349554,1
912349557,26.66666667
912349559,1
912349568,3
912349585,1
912349586,2
912349588,1
912349591,4
912349593,1
912349596,2
912349604,2
912349607,10
912349612,5
912349613,2
912349616,76
912349617,28
912349618,7.2
912349619,43
912349620,5
912349621,15
912349622,36
912349625,50
912349627,3
912349628,43
912349629,2
912349630,30
912349631,46
912349632,2
912349633,1
912349634,2
912349635,33
912349636,35
912349637,18
912349638,38
912349639,21
912349640,14
912349641,40
912349642,61
912349643,83
912349645,5
912349646,20
912349647,22
912349648,53
912349649,67
912349650,26
912349651,54
912349652,63
912349653,11
912349654,56
912349655,49
912349656,6
912349657,67
912349658,44
912349660,26
912349661,3
912349662,9
912349663,22
912349664,35
912349665,51
912349666,64
912349667,27
912349668,37
912349669,62
912349670,10.47619048
912349671,5
912349672,25
912349673,46
912349676,40
912349678,18.08510638
912349680,3.703703703
912349681,57
912349682,14
912349683,10
912349687,10.1010101
912349969,0.952380952
912350001,1
912350088,35.75
912350089,17.5
912350090,4.5
912350092,1.25
912350093,6.75
912350094,14
912350095,33
912350096,39
912350098,30
912350099,32.5
912350100,30
912350101,49.75
912350102,68.75
912350103,63.75
912350104,38
912350105,51
912350106,47.5
912350107,24
912350108,12
912350109,21
912350110,13.75
912350111,58.68421053
912350112,16.75
912350113,34
912350114,16
912350115,2.75
912350116,47
912350118,73
912350119,4.75
912350120,38.75
912350121,27
912350122,37.25
912350123,25.25
912350124,10
912350126,17
912350127,20.5
912350128,54
912350129,18
912350130,31.25
912350131,16
912350132,27.75
912350133,19.5
912350134,35.5
912350135,51.75
912350136,59.75
912350137,3.25
912350138,25.5
912350140,15.75
912350141,7.25
912350142,17
912350143,12.75
912350144,22.25
912350145,27.5
912350146,10
912350147,7
912350148,29.75
912350149,52
912350150,52
912350151,28
912350152,21
912350153,30
912350154,6
912350155,8.75
912350156,57.75
912350157,11.25
912350158,4
912350159,23.25
912350160,1
912350161,5
912350162,51
912350163,32
912350164,44
912350165,0
912350166,69.25
912350167,44
912350168,15
912350169,46.5
912350170,16
912350171,18.25
912350172,50
912350173,20.75
912350175,16.5
912350176,41.5
912350177,31.75
912350178,26.75
912350179,9
912350180,22.5
912350181,31.75
912350182,18
912350184,16.25
912350185,19.75
912350186,38.5
912350187,28.75
912350198,4
912350199,3
912350200,4
912350201,7
912350202,59
912350203,48
912350204,20
912350205,25
912350206,37
912350207,22
912350208,15
912350210,41
912350211,23
912350212,2
912350213,7
912350214,60
912350215,39
912350216,16
912350217,18
912350218,17
912350219,49
912350220,54
912350221,56
912350222,63
912350223,62
912350224,5
912350225,6
912350227,26
912350228,38
912350230,18
912350231,10
912350232,3
912350233,30
912350234,5
912350235,13
912350236,63
912350237,32
912350238,26
912350239,19
912350240,42
912350241,28
912350242,32
912350243,31
912350244,15
912350245,26
912350246,16
912350247,22
912350248,32
912350250,16
912350251,24
912350253,34
912350254,39
912350255,13
912350256,12.38095238
912350257,55
912350258,55
912350259,26
912350260,34
912350261,7
912350262,8
912350263,13
912350264,13
912350265,19
912350266,19
912350267,3
912350268,14
912350269,33
912350270,21
912350271,31.25
912350272,23.75
912350273,58
912350274,31
912350275,9.5
912350276,19
912350277,10
912350278,21
912350279,18
912350280,36
912350281,14
912350282,14
912350283,10
912350284,14
912350286,34
912350287,42
912350288,17
912350294,34
912350295,9
912350296,40
912350297,28
912350298,19
912350299,16
912350300,26
912350301,48
912350302,18
912350303,5
912350304,25
912350305,21
912350306,12
912350307,45
912350308,50
912350309,62
912350310,26
912350311,24
912350312,23
912350313,25
912350314,34
912350315,12
912350316,5
912350317,3
912350318,13
912350319,24
912350320,25
912350321,19
912350322,22
912350323,49
912350324,18
912350325,61
912350326,22
912350327,15
912350328,55
912350329,61
912350330,31
912350331,27
912350332,25
912350333,9
912350334,43
912350335,31
912350336,24
912350337,24
912350338,38
912350339,18
912350340,4
912350341,10
912350342,22
912350343,9
912350344,27
912350345,14
912350346,14
912350347,4
912350348,15
912350349,4
912350350,8
912350351,61
912350352,25
912350353,28
912350354,18
912350355,6
912350356,4
912350384,1
912350385,0.952380952
912350435,3.626943005
912350718,3.296703296
912350731,1.104972376
912350765,2
912350794,40
912350795,31.42857143
912350804,27
912350805,28.70813397
912350859,4
912350860,2.857142857
912350861,11.57894737
912350862,12.63157895
912350863,10
912350864,17
912350865,9
912350866,27
912350867,3
912350868,5.263157895
912350869,10.47619048
912350870,9
912350871,19
912350872,28.42105263
912350873,2
912350875,99
912350876,91
912350877,42
912350878,32
912350879,3
912350880,7
912350881,15.78947369
912351316,18
912351317,20
912351318,8.256880736
912351319,26.12612613
912351419,0.568181818
912351423,12
912351424,1
912351425,25
912351426,27
912351427,32
912351428,18
912351429,12
912351430,5
912351664,2
912351667,1
912351668,4
912351669,12
912351670,1
912351672,3
912351673,1.98019802
912351676,2
912351677,4
912351678,1
912351684,5.714285714
912351685,2
912351695,1
912351696,4
912351701,8
912351702,9
912351703,3
912351705,1.111111111
912351718,0.531914894
912351847,6.666666667
912351848,18.18181818
912351849,9.523809523
912351850,14.28571429
912351851,2
912351852,10.1010101
912351853,1
912351854,2
912351855,4
912351856,13
912351857,59
912351858,77
912351859,4
912351860,5
912351861,11.2244898
912351862,11.88118812
912351865,0.952380952
912351866,0
912351867,7
912351868,10
912351869,4
912351870,5
912351871,2.857142856
912351872,0
912351873,2.857142857
912351874,2.608695651
912351878,43
912351879,39
912351882,9.278350515
912351883,11.42857143
912351884,37.6146789
912351885,27
912351886,13
912351887,35
912351888,3
912351889,2.727272727
912351890,40.4040404
912351892,47
912351893,57.42574258
912351895,51.02040817
912351896,63.54166667
912351897,27.72277228
912351898,45.45454545
912351899,61
912351900,53
912351901,62.13592233
912351902,52.04081632
912351903,35
912351905,23.63636363
912351906,25.25252525
912351907,28.42105263
912351908,29.7029703
912351909,43.15789474
912351910,26.31578947
912351912,45.91836735
912351913,50
912351914,42.85714286
912351915,50.96153846
912351916,46
912351917,40
912351918,15.25423729
912351919,26
912351920,46.53465347
912351921,50.98039216
912351922,39.04761905
912351923,25
912351925,30.27522936
912351926,23.07692308
912351927,18.0952381
912351928,28.84615385
912351929,24.76190476
912351930,20
912351931,27.08333333
912351932,40.19607844
912351933,44.21052631
912351934,0
912351935,26.92307692
912351936,40.20618557
912351937,33.33333333
912351938,50.5050505
912351939,40
912351940,39.42307693
912351941,5.714285714
912351942,1.01010101
912351943,33.67346939
912351944,44.32989691
912351945,31
912351946,41.37931035
912351947,52
912351948,56
912351949,49.51456311
912351950,46
912351951,47.11538462
912351952,45.19230769
912351953,26.92307693
912351954,50.52631579
912351955,19
912351956,27
912351957,7.017543858
912351958,4.86111111
912351959,20
912351960,37
912351961,12.87128713
912351962,17.96875
912351963,22.85714286
912351964,24
912351966,53.93258427
912351967,5.714285714
912351968,12.37113402
912351969,19.41747573
912351970,26.21359223
912351971,63.26530612
912351972,54.36893204
912351973,32
912351974,54.36893204
912351975,14.28571429
912351976,23.15789474
912351977,6.730769232
912351978,23.52941176
912351981,33.04347826
912351982,30.90909091
912351986,26.92307693
912351987,25.71428571
912351988,21
912351989,16
912351996,2.5
912351997,3.846153847
912351998,2.884615385
912351999,8.653846155
912352000,37
912352001,26
912352002,9.25925926
912352003,14.81481482
912352004,8
912352005,10
912352011,20.40816327
912352012,37.50000001
912352013,16.50485437
912352014,27.72277228
912352015,9.615384616
912352024,18.18181818
912352025,16.50485437
912352026,25
912352027,8.737864077
912352028,4.95049505
912352029,11
912352030,23.30097087
912352031,18.18181818
912352032,32.65306123
912352033,41.74757282
912352034,17
912352035,7.142857143
912352036,20.56074767
912352037,13.88888889
912352038,2.727272727
912352039,3
912352040,11.88118812
912352041,3.03030303
912352042,2.97029703
912352043,9.9009901
912352044,9.615384616
912352045,4.854368932
912352056,8.08080808
912352057,3.061224489
912352058,0
912352059,5.769230769
912352060,19
912352061,31
912352063,13.13131313
912352064,2.912621358
912352073,13
912352074,12
912352075,24
912352078,2
912352079,12.12121212
912352080,19.41747573
912352081,4.807692309
912352083,6.18556701
912352084,43.33333334
912352085,23.95833333
912352090,16.50485437
912352091,28.125
912352092,24.74226805
912352093,5.94059406
912352094,10.41666667
912352095,1.923076924
912352097,10.67961165
912352098,9
912352099,7
912352100,12
912352101,6
912352105,28
912352106,11
912352108,6
912352109,12.12121212
912352110,17.5257732
912352112,17.30769231
912352114,3
912352115,33.91304348
912352116,17.17171717
912352121,41.93548387
912352122,19.60784314
912352123,15.95744681
912352124,8.163265306
912352125,11.40350877
912352126,23.63636364
912352127,4
912352128,4.854368932
912352129,4.761904762
912352130,9.708737862
912352131,1.818181818
912352132,10.89108911
912352133,16.16161616
912352274,9.090909091
912352276,28.69565217
912352277,28.18181818
912352280,7.272727272
912352282,36.19047619
912352283,40
912352289,12.38095238
912352290,18.0952381
912352291,15.23809524
912352486,9.523809524
912352488,5.263157895
912352492,2
912352493,1.265822785
912352504,7.368421053
912352505,1
912352506,5
912352512,4
912352517,2.105263158
912352518,10.52631579
912352522,22.85714286
912352633,8
912352634,25
912352635,14
912352636,55.6701031
912352637,37.75510205
912352648,38
912352649,30
912352650,3
912352651,2
912352653,8.421052632
912352654,20.86956522
912352655,9.999999999
912352656,36.55913979
912352657,16
912352658,46.01769911
912352659,38.1443299
912352660,34.40860215
912352661,30.3030303
912352665,5.714285714
912352666,14.28571429
912352667,2.5
912352668,35
912352669,30
912352670,11.42857143
912352671,5.217391305
912352672,4
912352673,45.26315789
912352674,35.41666667
912352675,1.290322581
912352680,27
912352681,5
912352682,7
912352683,39.17525773
912352687,59.4059406
912352688,1
912352689,14
912352690,17
912352691,16.52173913
912352692,7
912352693,30
912352694,16
912352695,34
912352696,30
912352698,14
912352701,5
912352702,43
912352703,13
912352704,2
912352705,8
912352706,23
912352707,15
912352708,5
912352709,4
912353070,34.28571429
912353254,1
912353266,4
912353281,3.076923077
912353294,11
912353296,14
912353300,5
912353301,19
912353302,12.63157895
912353417,1
912353465,5.05050505
912353466,1
912353467,2
912353468,22.22222222
912353469,30.6122449
912353470,17
912353471,5.05050505
912353472,4
912353473,1
912353475,4.081632653
912353476,8.163265306
912353477,2.02020202
912354179,1
912354182,8
912354183,2
912354184,7
912354185,11
912354188,29
912354189,48
912354190,4
912354191,21
912354192,1
912354195,55
912354196,12
912354198,2
912354199,3
912354200,1
912354204,3
912354205,42
912354207,5
912354209,3
912354210,29
912354211,43
912354212,16
912354214,14
912354215,8
912354224,14
912354225,8
912354226,16
912354227,8
912354230,10
912354231,19
912354235,9
912354237,8
912354242,17
912354243,45
912354244,13
912354245,50
912354246,12
912354247,9
912354248,2
912354250,3
912354251,6
912354252,75
912354253,47
912354254,13
912354255,60
912354256,42
912354257,31
912354258,16
912354259,28
912354260,9
912354261,16
912354262,19
912354263,37
912354264,3
912354265,7
912354266,4
912354267,4
912354274,7
912354275,23
912354280,10
912354281,7
912354284,8
912354285,5
912354288,48
912354289,38
912354290,18
912354293,12
912354294,25
912354295,27
912354296,51
912354297,36
912354298,1
912354299,8
912354300,48
912354301,37
912354302,10
912354303,1
912354304,8
912354305,27
912354306,22
912354307,19
912354308,34
912354309,22
912354310,20
912354311,14
912354314,22
912354315,31
912354316,17
912354317,14
912354318,19
912354319,4
912354320,8
912354321,13
912354322,5
912354323,43
912354324,20
912354325,7
912354326,4
912354327,47
912354328,48
912354329,20
912354330,13
912354331,10
912354332,13
912354333,5
912354334,3
912354335,12
912354336,8
912354338,4
912354339,6
912354340,7
912354341,37
912354342,37
912354344,36
912354345,4
912354346,5
912354347,14
912354348,19
912354349,2
912354351,4
912354353,1
912354354,1
912354355,7
912354358,13
912354359,7
912354361,3
912354363,1
912354365,3
912354367,5
912354368,11
912354369,7
912354371,8
912354372,4
912354381,28
912354382,24.48979592
912354385,49.47368421
912354386,38.1443299
912354387,83
912354388,75.75757575
912354389,39.17525773
912354390,73
912354393,51.54639176
912354394,54
912354395,27.27272727
912354396,30.6122449
912354402,62
912354407,73
912354408,40.81632653
912354413,40.81632653
912354414,65.65656565
912354423,40
912354424,41.83673469
912354425,26
912354426,26
912354427,29
912354428,25
